spx,spy,sppx,sppy,sox,soy,spox,spoy,tpx,tpy,tppx,tppy,decision,l,r,f
0.9630123293645249,0.49839787509769173,0.9630364570964685,0.498419556921833,0.13430372510958122,0.3912080625916555,0.13430372247617406,0.3912080491314937,0.9130960468706709,0.6198236585991705,0.9130673608440706,0.6198680889887179,turnright,1,0,0
0.06430995253286143,0.7715751202789464,0.06428025057338989,0.7715310786177422,0.40465188503130933,0.7861535784793064,0.40465187937244734,0.7861536002030772,0.8779358878018303,0.1750262214402517,0.877981333607796,0.17500674887219628,nothing,0,0,0
0.06535094215422088,0.802039799188994,0.065361469664953,0.8020150619741219,0.15637657952360884,0.9050516194604903,0.15637659846633806,0.9050516377501502,0.284169919996211,0.10666991847608853,0.28415807806076543,0.10669539504393918,turnright,1,0,0
0.8845825606352683,0.30533361102990786,0.8845338812955644,0.30536558932783947,0.5804388092365246,0.11009541565910463,0.5804388160369012,0.11009539482818015,0.4240122483245463,0.4031844315565415,0.42398361125516043,0.4031880131748101,nothing,0,0,0
0.4079302906334089,0.530642856979177,0.40796140113581686,0.5306101686346554,0.1250180285846716,0.42000526705587127,0.12501805117210352,0.4200052517999386,0.5957786525119628,0.4164907029362025,0.5957734676980662,0.41651677738259224,turnright,1,0,0
0.22361198389672354,0.5699231109621067,0.22362722882638472,0.5698784407742353,0.4888568339825633,0.38056832243964867,0.48885682467899977,0.3805683017105375,0.309299215095172,0.7436362793078659,0.3092546667629445,0.7435984720284982,forward,1,1,0
0.6167321847792283,0.8902536854073043,0.6167134496014004,0.8902089345596914,0.9031292121425889,0.844293380671252,0.9031292093103664,0.8442934049786531,0.8229177456286122,0.6898618310439728,0.822874654566238,0.689829091124258,forward,1,1,0
0.454293919686635,0.345277035519831,0.4542792830605294,0.3452801725055398,0.13877453971078912,0.4459356370109193,0.1387745560040569,0.4459356333052601,0.07209045930049929,0.8479905709564414,0.07208411121408104,0.8479655335870941,nothing,0,0,0
0.09885227201281521,0.4339909488365933,0.09888450335170815,0.4340258793522891,0.40673027051668076,0.1692819641435146,0.4067302668371833,0.16928198633196237,0.14896650412016843,0.5739449224525237,0.1489778901511939,0.5739033412843896,turnleft,0,1,0
0.48198326584949014,0.6814113887015043,0.4819861163850108,0.6814410776325641,0.6668430042525422,0.7566928840990451,0.6668429908361806,0.7566928970836515,0.22246108133857234,0.17858048657572456,0.22250517287574784,0.1786088077371194,turnleft,0,1,0
0.5903973963642762,0.82749468233947,0.5904177762212492,0.8274905105244772,0.9672197220107347,0.22410055035183718,0.9672197414704842,0.2241005380061553,0.8181809949922035,0.16446500843384093,0.8182202952257857,0.16446066347041557,turnright,1,0,0
0.35510369898311844,0.1517971395033897,0.35515363900122443,0.15182202324881944,0.4709305832830303,0.28894988347232553,0.47093059535862425,0.2889498656878048,0.10565275363126725,0.7077498433536261,0.10569512337085159,0.7077254187055517,nothing,0,0,0
0.19985121273144113,0.7921096252403071,0.19984625479416823,0.792078163624198,0.9371852213155649,0.0625354486163806,0.9371852047616429,0.06253543473563457,0.4348386491431586,0.364021306185382,0.4348584995236975,0.3640485805010749,forward,1,1,0
0.3810653176954024,0.192809610063304,0.38105509321019393,0.19282425906798362,0.6719591836013444,0.5756547237639652,0.6719591990503604,0.5756547448119091,0.6478480931763667,0.4988809880217042,0.6478863968148195,0.49887322554710206,turnleft,0,1,0
0.18295996101841916,0.12179187087112975,0.18294037041879158,0.12180047986026653,0.20650419789657937,0.7740590141884406,0.20650419104809764,0.7740590320671557,0.930887760721877,0.7348764305449642,0.9308992332952926,0.7348365162457111,forward,1,1,0
0.9075082809333829,0.10012512355930647,0.9074694081098982,0.1001140787100932,0.8343199679936484,0.26839580370222815,0.8343199713618674,0.26839578750591314,0.6366876112557674,0.31549757618320873,0.6366618999144403,0.3154641213077421,forward,1,1,0
0.24701291075788134,0.7313652758946303,0.24698277765347795,0.731397491595135,0.39034509617825197,0.8107590630329783,0.39034508995256445,0.8107590467978689,0.561353314664997,0.26417337378419226,0.5613073087704914,0.2641709406099804,turnright,1,0,0
0.857356226139773,0.17114882336392045,0.8573748820777837,0.17112207576472813,0.6889434051958684,0.9460233255852006,0.6889434102049894,0.9460233045870742,0.4970278287433394,0.9680235663931404,0.4970330319969391,0.9680272886966513,turnright,1,0,0
0.9598768994870523,0.7228544485484906,0.9599136376954023,0.7228723080175457,0.44749276371394897,0.18850107613626532,0.4474927781075432,0.18850105726209868,0.886480544364989,0.5279838394249448,0.8865083699803226,0.5280169373616587,forward,1,1,0
0.9026181046540097,0.3612673113644851,0.9026214670475785,0.361219393728714,0.7031304145529811,0.699456178922659,0.7031303939300074,0.6994561628489449,0.029950180236174462,0.31903896093182205,0.029923286704907574,0.31899029485650554,turnleft,0,1,0
0.31676411643093694,0.96774204723541,0.3167905730073877,0.9677250529705683,0.783277188469049,0.35439405224405784,0.7832772092306842,0.35439405346678005,0.5052164687165418,0.21035627621415165,0.5052234246591838,0.21035796357065817,turnright,1,0,0
0.35527291872699795,0.20226127315052622,0.35529322653375833,0.2022224809434705,0.16066850989220627,0.23843749043907403,0.16066848808000347,0.23843748704310447,0.8492914350546019,0.7579762522950264,0.8493369317551852,0.7580081834087182,nothing,0,0,0
0.41691523538297337,0.695004157086619,0.41691766005588926,0.6950245831663588,0.2257672125668586,0.18215568489248812,0.22576719178678872,0.18215569198138487,0.5512184076320381,0.1537893397724185,0.551209761446837,0.15383598074751165,turnleft,0,1,0
0.5540445858341373,0.4543983730090151,0.5540675731149075,0.4543561469434668,0.0873071958605448,0.7876992320978471,0.08730718407370407,0.7876992202499657,0.8497985430555507,0.6128955904896582,0.8497888246011259,0.6128568190558659,nothing,0,0,0
0.731011618964385,0.34055225897559926,0.7309773631438906,0.3405915447363057,0.9323043203435852,0.3622036544034327,0.9323043057695976,0.3622036713990896,0.9327986024720267,0.1500832254250214,0.9328140988308768,0.15010423426346098,turnleft,0,1,0
0.24079055925633774,0.7648908355242235,0.24075210843217815,0.764919075125569,0.4029640409498808,0.6978400635995032,0.40296405178980854,0.6978400543445806,0.3893200043182573,0.5795745122222253,0.3893288635255157,0.5795660908931778,nothing,0,0,0
0.7507050263300574,0.807901797757173,0.7507524155190077,0.8078903566804274,0.11916206329716461,0.02301014007617841,0.11916205571006579,0.023010162213667692,0.058193968216166625,0.49017224001701476,0.05815750055902185,0.49015325123670156,turnleft,0,1,0
0.7324245421914647,0.9588512710327585,0.7323895610898127,0.9588317378404402,0.7551723562488454,0.04703050415108667,0.7551723646023826,0.04703048241315478,0.8238133778306173,0.5607749223108421,0.8238289030417199,0.56080961987371,nothing,0,0,0
0.03407900632033822,0.9416983691189169,0.034078811171622744,0.9417064900772626,0.8054559518470572,0.4468088676968599,0.8054559457509783,0.4468088561951046,0.4814250393823317,0.2847985292084857,0.48140995992717966,0.28479118386324725,nothing,0,0,0
0.5754622029995778,0.6868370625674217,0.5754940189540702,0.6867875024793128,0.1749224565244023,0.9409614607976207,0.17492248122743814,0.9409614474545821,0.08241488539427744,0.847453032436187,0.0823693171679439,0.847414212971971,turnright,1,0,0
0.6561437962444083,0.01632141826134237,0.6561756823153542,0.016278053403818868,0.11203949654644574,0.10414827294733442,0.11203949959660775,0.10414826397484755,0.4103525521946413,0.41465849868604676,0.41039045541494923,0.4146572563871144,turnright,1,0,0
0.7690742758334722,0.8368938007282545,0.7691025077079149,0.8369067255773253,0.5473160410128828,0.22877471599852006,0.5473160523222208,0.22877471921624057,0.9990768557250569,0.9856796101962456,0.9991156880887089,0.985710114904813,turnleft,0,1,0
0.9713150212607315,0.9321120994378975,0.9712776356500042,0.9321448620714945,0.44088825841088264,0.41735742878466575,0.44088827302339934,0.41735741632337386,0.07742405836155886,0.7029744286976728,0.07745881249207931,0.702995386585469,nothing,0,0,0
0.5990860550285977,0.41371899022341696,0.5990609579373728,0.4137450148298075,0.2328313754052893,0.816265179834903,0.23283135949066386,0.8162651624157539,0.605651792439805,0.9619104085958976,0.6057014207151353,0.961909580984653,turnleft,0,1,0
0.6714135044555204,0.7207338287884344,0.6713807739067665,0.7207212052315619,0.6943201371557898,0.004702561637390246,0.6943201474883917,0.00470256688343174,0.31859114615334294,0.2095018124752681,0.31855483697649806,0.20945461515570687,turnleft,0,1,0
0.969490164444829,0.4907433099607571,0.9695012217428793,0.4907159265183103,0.24701047920680075,0.6550282895914801,0.24701046247419467,0.6550282744794524,0.5656600525589434,0.6412361999353223,0.565639203575515,0.6412831982971194,nothing,0,0,0
0.8942831657816617,0.34618666672149956,0.8943222327951631,0.34622834586291373,0.6143295201304232,0.8755860998403431,0.6143295026183755,0.8755861077265262,0.9668229188892526,0.9050429699971337,0.9668507567160356,0.9050421739615185,nothing,0,0,0
0.8596388249832502,0.3212867291121584,0.8596424356877005,0.32128308067775596,0.464769555653994,0.1821346827507747,0.464769547249568,0.1821346773283688,0.3804817746544874,0.327955125356039,0.38046386703069873,0.3279810475198785,turnright,1,0,0
0.4779762489096734,0.34543584399275873,0.4780003812794756,0.3454704255137051,0.7597128834694414,0.9130909270434288,0.7597128608354472,0.9130909173741366,0.45821688148366657,0.12426370697432654,0.4582417820945279,0.12427660770716294,nothing,0,0,0
0.31311806725364544,0.03386873604867735,0.31314938827007643,0.03387600599273404,0.3398882158060087,0.40102251374348175,0.3398882398019698,0.40102250102209985,0.5430786136473347,0.7760195583944286,0.5430671943581282,0.7759937606635499,turnright,1,0,0
0.8199196506730126,0.900346300820184,0.8199085005407541,0.9003676536314468,0.17400931546825238,0.9467829407828205,0.17400932578124792,0.9467829420983098,0.5827695162690333,0.6217707875508525,0.5827809647002555,0.6218117103194626,turnright,1,0,0
0.49369884188892577,0.7574944114654778,0.4937483793124508,0.7574695695375452,0.8992365746793153,0.05976865996369418,0.8992365980773126,0.059768654725316346,0.7941413663957461,0.9712351273752143,0.7940988895467277,0.9712724616647915,nothing,0,0,0
0.7671280729012256,0.32355126227905073,0.7671681389853063,0.32354778729522654,0.4988191070619683,0.4157227723340935,0.49881913174623155,0.41572278902676385,0.8164829264324363,0.44750250233228683,0.8165247872056193,0.4474841598495226,turnright,1,0,0
0.14899592274710682,0.09829105551820483,0.1490394802880374,0.09824597338198486,0.8279106070201103,0.20189171553771323,0.8279106294568527,0.2018917356415156,0.2881497783379642,0.4854205371234658,0.2881860634937802,0.485425246953204,turnleft,0,1,0
0.3788038847534102,0.34445635964207577,0.37879432924248857,0.34449876625095144,0.24961716571110015,0.014004496076800543,0.2496171571878003,0.014004491959856154,0.4086158520963483,0.3433012306501473,0.40864093941802954,0.3432581377102775,turnleft,0,1,0
0.8370793769465262,0.963737997121824,0.8370805311384844,0.9636942332246047,0.15637885691441122,0.8866016643511703,0.15637885284911723,0.886601665006524,0.6971487757024423,0.231669747495852,0.6971597724315513,0.23166964039904714,turnright,1,0,0
0.44342324571247627,0.09862516528596299,0.44339598584175066,0.09864510467163196,0.22033213599296997,0.21428186216689993,0.22033213714824001,0.21428186921933723,0.7216617994205798,0.8280089807308258,0.7216628887281805,0.8280134573333822,turnleft,0,1,0
0.6686932018894101,0.8687635712473316,0.6686930365386975,0.868735478486157,0.6100911727427795,0.632490264824215,0.6100911571637404,0.632490244217526,0.8661150543221555,0.8859788700363882,0.8661135416538205,0.8859973861549025,turnright,1,0,0
0.027592285020855645,0.12653902997457933,0.027545766017365893,0.12649403589884223,0.4385383966251081,0.8192976095528781,0.43853838921282706,0.8192976046900797,0.24223872280817116,0.82029402569358,0.24221835886885296,0.8202465801576114,turnleft,0,1,0
0.9166718245327585,0.7902369179674992,0.916650757135871,0.7902061870567604,0.22165578096079552,0.1506245179425395,0.2216557774806361,0.1506245016124834,0.13727430234901283,0.10139645992447954,0.13724010626068703,0.10139035916796871,turnright,1,0,0
0.3734341977375809,0.7801786887373355,0.373384666347854,0.7801302473485735,0.35676899442889887,0.09548901387391251,0.3567690114328818,0.09548900661199866,0.11319538989402833,0.7392706757044077,0.11319193572678932,0.7393203425565279,nothing,0,0,0
0.3629572542306705,0.3196942416298265,0.36297459699603474,0.31974055115427114,0.676989855239744,0.515455534144601,0.6769898605579576,0.5154555119195025,0.6924540346847822,0.6207903502124762,0.6924713909712358,0.6208046077547696,nothing,0,0,0
0.5458458174594548,0.37247215359473185,0.5458178794177757,0.37242782326882057,0.9691011882766285,0.3591874062960947,0.9691011659595273,0.3591874283992888,0.7228685289498886,0.696871957702983,0.7228194233912206,0.696918476632562,turnleft,0,1,0
0.14871757765418359,0.8876380133937783,0.14873355215378706,0.8875995793523024,0.4980913921798421,0.5178581890609891,0.4980913876905908,0.5178581794778673,0.4351214917041084,0.9408702225187877,0.43512457386106823,0.940886481463983,turnright,1,0,0
0.3890090658204187,0.2783008291072355,0.389024677639574,0.2783096999987085,0.3860946238374432,0.788642306465979,0.3860946110904244,0.7886422916288196,0.6954000551451877,0.69391385645608,0.6953903520581459,0.6938924866604357,nothing,0,0,0
0.7938173025477889,0.55738612825084,0.7938316774940235,0.5573463942888276,0.7324173225508598,0.3970544273871205,0.7324173190473692,0.39705444046385313,0.6260631727127246,0.040744023985372135,0.6260353339045033,0.040716503073830033,nothing,0,0,0
0.45243846284028744,0.15338654153818854,0.4524156360460672,0.15336093176054938,0.2244323270962636,0.1251696583359737,0.22443233868257964,0.1251696725122032,0.6767420881197063,0.9883178297643932,0.6767033317904296,0.9882885665091633,turnleft,0,1,0
0.9357576019241793,0.6886411753218503,0.9357490166354827,0.6886746870550168,0.6442550430983798,0.026077616428109573,0.644255050791317,0.026077611703413512,0.03451926178503251,0.7362553867834428,0.034568131382503704,0.7362387018216211,turnleft,0,1,0
0.4606614054526016,0.10103341538599442,0.4606810696491512,0.10107818562038262,0.7531572867316918,0.47673618599158074,0.7531572983075292,0.47673616705479394,0.25372258313742246,0.5934416455680542,0.253712069907384,0.5934374773636533,nothing,0,0,0
0.16262341279679093,0.2684993100280293,0.16257861311487748,0.2685210595412217,0.7509187760438458,0.10587656217300878,0.7509187599488392,0.10587655775726419,0.5490338074104243,0.265804556557523,0.549042519430842,0.2658343026175749,turnleft,0,1,0
0.49133048896373666,0.027006316881085568,0.49131737874407155,0.026979975232734335,0.649132352431571,0.10660213566605414,0.649132334138205,0.10660212828942243,0.045927377399691105,0.6068310614241178,0.04591252391239439,0.6068643997585772,turnleft,0,1,0
0.6083911835551185,0.016580342131825576,0.6084268444313898,0.016594968812177254,0.24529629931853913,0.8931440862990188,0.24529627783307215,0.8931440972935758,0.6715998422832609,0.5991114995817448,0.6715650520759828,0.5991329055980227,nothing,0,0,0
0.8807535421662968,0.7667328559073516,0.8807398837997759,0.7667158693538426,0.9230445663295243,0.3221228451517625,0.923044579245852,0.3221228207351282,0.08119998433648523,0.2632568527107404,0.08122243334543157,0.2632156765745095,nothing,0,0,0
0.5309742485357088,0.23947241757747084,0.5310136543143741,0.23951046801441084,0.2871504086660889,0.6982921295075954,0.28715039038477197,0.6982921276134565,0.8274876672001564,0.46443305748104335,0.8275208281883148,0.4644557267599397,nothing,0,0,0
0.9780692948627454,0.5674183462283346,0.9780797976239487,0.5674289417208486,0.5847824621623131,0.3769762505552564,0.5847824420136938,0.3769762353544949,0.18418643874271556,0.3218723474476407,0.18414032189260346,0.32189348740999346,turnleft,0,1,0
0.5681751397955404,0.7812511013922618,0.5682060169120311,0.7812924899338723,0.09017402837079114,0.3075501671975269,0.09017405302401145,0.3075501444696636,0.6576440124738434,0.13665716341804846,0.6576080537614128,0.1367011787757258,turnright,1,0,0
0.9898330001051151,0.20776208970486332,0.9898301135507996,0.20779018022059925,0.5324984111992382,0.6616888311248776,0.5324983877337189,0.6616888140712613,0.26602634712974493,0.9407946576019449,0.2660743011057176,0.940812281339012,turnleft,0,1,0
0.08056964758409324,0.8182403288685213,0.08060846194979956,0.8182101243588386,0.07795658389204863,0.994225796311319,0.07795659996727403,0.9942257814532431,0.6641632328775802,0.7712711319711911,0.6641530096447781,0.7712761452651076,turnright,1,0,0
0.08209930895266782,0.3664344337863801,0.08207871456752727,0.36640822391295813,0.8346484338550114,0.8489682079133676,0.8346484152145782,0.8489682253920428,0.9705938909374031,0.7874989244927321,0.97060488245486,0.7874668273621538,forward,1,1,0
0.9242944280503914,0.2554756070442026,0.9243308376896326,0.2554306593507106,0.0013519946645716985,0.18643840739509987,0.0013520119864346013,0.18643838493574125,0.7211468617552884,0.2529878112200281,0.7211820286493978,0.2530370069417802,turnright,1,0,0
0.3732961320715116,0.7292195921347513,0.3732556162638431,0.729188733841455,0.5284362355922243,0.7765321362337965,0.5284362319435494,0.776532143768002,0.49569428528666826,0.29256066604362285,0.49567685349188334,0.2925292871285048,nothing,0,0,0
0.5670345394813272,0.6151543061102647,0.567062666644317,0.6151619161496173,0.2727904007889741,0.8661605546674983,0.2727903856753615,0.8661605591722801,0.37050961434301766,0.11937933801568845,0.37053189211973314,0.11939746806011294,nothing,0,0,0
0.81238656990323,0.9824287021524393,0.812382769198763,0.982455840285962,0.6463118253466607,0.042287905033431494,0.6463118004151607,0.04228792566884771,0.6717901985353882,0.9222273905513425,0.6717973801144932,0.9222661008963291,turnleft,0,1,0
0.7031484163167697,0.2656301428184704,0.7031292499280551,0.26566475591259436,0.011238579752480327,0.10581914761415645,0.011238565317185424,0.10581916351283781,0.4503984897621651,0.053383294741849,0.4503571309576701,0.05335477608519277,turnright,1,0,0
0.4703871138947774,0.7856220350298264,0.47040855336399034,0.7855899170724164,0.5106097169241255,0.18216998095102133,0.5106097270388749,0.18216998188876832,0.7028692850063971,0.14837481140111775,0.7028373900576924,0.14840762321936304,turnright,1,0,0
0.2634851882399042,0.943426174101815,0.26344654922678773,0.9434122016394879,0.07573259606759153,0.9424476991270938,0.0757325972666958,0.9424476911710051,0.7340631793956827,0.2143599236368915,0.734066957926875,0.21434515696150674,turnright,1,0,0
0.4160150596287756,0.9857246722455714,0.41601626919228696,0.9857101348862604,0.632377405285,0.5332938402266687,0.6323773855716623,0.5332938649162045,0.7797715753935487,0.4347224264312638,0.7798029564955317,0.43468924302577905,nothing,0,0,0
0.5225793009040929,0.38573409390828384,0.5225394726173797,0.3857225517516409,0.03994933471416695,0.016686958773780236,0.03994933088950328,0.016686951788050054,0.8350514721638482,0.2586006722856521,0.8350838067558858,0.2586368582076283,turnright,1,0,0
0.2861729342798057,0.36726231293593303,0.28619924760791654,0.3672960831639724,0.3903328818801256,0.017203766311573165,0.39033286478740825,0.017203751173056385,0.6719527861557317,0.28475952342961897,0.6719718665916119,0.2847835776335186,nothing,0,0,0
0.837778054470959,0.5179869793282201,0.8378217437578854,0.517978913716645,0.6245993202492528,0.24688095656676723,0.6245993217442513,0.24688097412985732,0.9905119658555865,0.04368043855129189,0.9905406414093313,0.043677396240546326,nothing,0,0,0
0.6786952738567219,0.026440486708344313,0.678647514360033,0.026470862518504445,0.5847365312473988,0.5395437330826949,0.584736521635438,0.5395437169378924,0.97351767532511,0.9872847279286425,0.9735276503125344,0.9872578258351301,nothing,0,0,0
0.25683322225902283,0.3449154132951895,0.25688032352486795,0.34494281517359954,0.753435854808447,0.7075098874438872,0.75343583706014,0.7075098870179879,0.03316058884938389,0.9053219620696082,0.03316127120010839,0.9053043787742399,turnleft,0,1,0
0.9951861249641503,0.6349987330222101,0.9952109219194228,0.6350037663891304,0.15761180404951947,0.4285413913646089,0.15761178987058544,0.42854141274714397,0.558599534764561,0.6100801243042769,0.5585545018992872,0.610037913263093,nothing,0,0,0
0.9325397986190613,0.9137462515406023,0.9325304853406938,0.913748035490953,0.46276372845529967,0.5406057093914817,0.4627637494226876,0.540605697968278,0.5547426245838861,0.42633820649859,0.5547561949824126,0.42631173799368705,forward,1,1,0
0.2168664182298461,0.6924560816187774,0.216857088304443,0.6924131776206601,0.1691053816239757,0.15202152653449297,0.1691053718215447,0.15202151416567372,0.6281136092145951,0.8215551311894399,0.6280851896597663,0.8215658379163944,turnright,1,0,0
0.005332726169897106,0.021779714827396712,0.005364780685404884,0.021737506861023187,0.23654788346183542,0.9001455786768887,0.23654788597347995,0.9001455697597658,0.18145708013587758,0.706153874842032,0.18149816839692798,0.706124616225007,turnright,1,0,0
0.7573342723619253,0.6407939211673831,0.7573586780604219,0.6408379193360078,0.49680949087015636,0.6677146196166472,0.4968094995066452,0.6677146100071722,0.07486895494576717,0.3268854397004075,0.0748915490157028,0.32687301755266196,nothing,0,0,0
0.5443017184943291,0.4245282482512047,0.5443068233623138,0.4245135253576419,0.4688970954268341,0.5150408254750822,0.46889707568123784,0.5150408085303345,0.6645815355152205,0.8653969555499696,0.6646087118993249,0.8653633652842315,turnright,1,0,0
0.5855792033862308,0.9428181725722605,0.5855298918827038,0.9427926060133812,0.6139922798055637,0.8082427107913858,0.6139922916909132,0.8082427140292235,0.4500878393517038,0.18359725331246768,0.45008498255023643,0.1836229387860324,turnright,1,0,0
0.8875203353678687,0.14347613603353748,0.8874993981978547,0.14345849719815093,0.05249015616720032,0.7690497530857854,0.05249014215159316,0.7690497649661855,0.14393522856531427,0.003268935038155174,0.1439301302237488,0.0032251532872893136,nothing,0,0,0
0.019183338684645168,0.07191590682796312,0.019152225203400236,0.07192317663146017,0.9717587310293769,0.47715868006740114,0.971758734446281,0.477158696267268,0.5122028486826756,0.011263882614989007,0.5122485676022659,0.011274071503368722,forward,1,1,0
0.7113461503065356,0.24845631978171823,0.711359317457594,0.24843014893124715,0.6666040193038457,0.2633994901749852,0.6666040019800286,0.26339949310346594,0.7977339916659206,0.5701945976646416,0.7977646968008336,0.5702394940323547,forward,1,1,0
0.7055046757166431,0.35395786194382073,0.7054781361530061,0.3539561723612243,0.7331051228356353,0.7632130298577712,0.733105099439037,0.7632130177352795,0.49222216659413065,0.4697479905337365,0.4921993357877027,0.4697323182624089,turnleft,0,1,0
0.5645646910714117,0.8362793989500225,0.5645293304357288,0.8362526326238904,0.2916488825071799,0.4786062893150119,0.2916488777353999,0.47860628838572983,0.862273490494565,0.1289639521488839,0.862281824262311,0.1290077476308089,turnright,1,0,0
0.026929067952029206,0.18365323223919872,0.026887549465456732,0.18361151904922698,0.9491147127401139,0.6980776751474445,0.9491147343897826,0.6980776719514458,0.34636132792254415,0.3311249564333786,0.346379376636075,0.3311405278471461,forward,1,1,0
0.06994967100397531,0.054671043355541404,0.06997374404107563,0.05470769844771978,0.20567787508433177,0.27762406727657574,0.2056778842783682,0.27762406036867904,0.5890267867860957,0.5731506715464839,0.5890342379250469,0.5731189515623062,turnright,1,0,0
0.014432971759479996,0.43912678855596865,0.014441833492596132,0.4390908982613459,0.5613948522018676,0.7990547287316292,0.5613948744557857,0.7990547093990069,0.2890643739772093,0.3675633277350281,0.28903690211867705,0.3675638029617398,turnright,1,0,0
0.04533878275899006,0.38024188186856656,0.04537502980280066,0.38023394087564194,0.2112690099491491,0.4490285900865033,0.21126901089397765,0.44902859024367303,0.8461894734189301,0.7528950240282803,0.8461870028801096,0.7529436848168573,turnright,1,0,0
0.36338999532279603,0.0775483561888759,0.36336847783618464,0.07758157933932291,0.1217994860070516,0.19155325365220144,0.12179946865539233,0.19155325627655445,0.5622294640742124,0.4907576744813268,0.5622517147862643,0.49078733554307824,turnleft,0,1,0
0.996413749475371,0.19748508315780489,0.9963675999605208,0.1975127033657396,0.464776781003987,0.28098591492565006,0.46477677657905814,0.28098591665700107,0.1598689381262327,0.02512729353407006,0.15982070320597586,0.025166306741654675,turnright,1,0,0
0.7549353307688589,0.3445853371861717,0.7549054049357911,0.3445956031772919,0.3574976133852338,0.6276473979176131,0.35749759335320286,0.6276474134797047,0.26339995317665166,0.469448436236219,0.263351358965705,0.46941821608668327,turnleft,0,1,0
0.666833925769229,0.5909677521718324,0.6668065677069241,0.5909435703308746,0.4677655760968291,0.694799027722249,0.46776559205726365,0.694799051199548,0.7561338972843551,0.4520530802171926,0.7561092577587976,0.4520818303292624,turnright,1,0,0
0.38856135001539593,0.5749784165610206,0.3886031663328943,0.5750172334029617,0.6911700517882042,0.39063839536841916,0.6911700609644453,0.3906384199797404,0.20083115632089676,0.8093669019067353,0.20087940774218105,0.8093433708578134,turnleft,0,1,0
0.08165983845101377,0.6061942616754415,0.08169283142117988,0.6061976236285608,0.5535679316517943,0.3081156156936966,0.5535679247132018,0.3081155911547563,0.07262222471516966,0.08890704470199251,0.07258053276905446,0.08892192951493695,forward,1,1,0
0.7772058288888661,0.8447310678011213,0.7772152210958997,0.8446944611757549,0.22751893934499712,0.7154680908467423,0.2275189456530029,0.7154681156805511,0.6966254643552503,0.03760778388316777,0.696582615365519,0.03765721236197631,turnright,1,0,0
0.1245750576650837,0.07413405762193137,0.12454712018283001,0.07408955349037363,0.02089248292211554,0.32593213737372606,0.020892506930488157,0.3259321232528701,0.7978877949501987,0.08758849174291161,0.7978514871210427,0.08759845897110807,turnright,1,0,0
0.40081885202743917,0.3061777386619028,0.4007974310767177,0.30620077339256485,0.195724784164237,0.01771980685599539,0.195724807056571,0.017719816897028007,0.5777320167923592,0.20462546377079327,0.5777323879360269,0.2045973674173893,turnleft,0,1,0
0.1532376290670323,0.45293467196560444,0.1532512471312133,0.45296251184264863,0.3322489517453725,0.6992093830266308,0.33224897304511986,0.699209384651611,0.4742528296002103,0.60580514938606,0.4742524033813205,0.6058006189568731,turnright,1,0,0
0.6756847329126798,0.05029845781238329,0.6756930395222859,0.050269163479076964,0.07743595639747058,0.24193030061946452,0.07743593572474378,0.24193030450281808,0.5384079875345361,0.3826434919860201,0.5383639833274558,0.38263821026176165,nothing,0,0,0
0.6326417719384648,0.9314491161332557,0.6326704078115514,0.9314278151530309,0.08103363398518115,0.7751138013679848,0.08103362237143036,0.7751137798248668,0.6808947064246066,0.12789780413540663,0.6808639009202022,0.12785464890755346,nothing,0,0,0
0.04783032087739114,0.8999891541608324,0.04786644594386142,0.8999982750393775,0.5377432935023835,0.7744105693160171,0.5377433004231945,0.7744105621261387,0.21466609463629338,0.7132567182641463,0.2146768513961781,0.7132440133837264,turnright,1,0,0
0.2711672382888538,0.7021252703889438,0.2712062640736815,0.70208824436993,0.757900324936479,0.08982005803485271,0.7579003277223195,0.0898200725401956,0.7015450821658233,0.8932764080533055,0.7015603674869576,0.8932572777980222,turnleft,0,1,0
0.41663347913282867,0.9937090806400449,0.41664029520803747,0.9936665223405932,0.5868157150140587,0.2947033584797254,0.5868157313822504,0.2947033338789179,0.023507054087386514,0.46382584395591275,0.023500975096146213,0.4638053707811817,nothing,0,0,0
0.5785206273619947,0.8230878852518697,0.5785144970492363,0.8230881519240882,0.2725417654344652,0.991592704533463,0.2725417505177224,0.9915926940516798,0.42663288739369165,0.18508889695053699,0.4266218265933209,0.18512726682390285,nothing,0,0,0
0.7804473576027873,0.6714770958731755,0.7804187078535274,0.6714995080213754,0.09312740906267702,0.8481330648428597,0.09312738619686456,0.848133042427317,0.3662998232792243,0.727382422028658,0.36633610968728586,0.7274137478614806,turnleft,0,1,0
0.5248167911813306,0.1301718421774115,0.5248017468859291,0.13018543989951836,0.5320407552823351,0.14356234135385604,0.5320407388004139,0.14356236156543775,0.6453753157166336,0.9500233519629903,0.6453794924355588,0.950011669303849,turnleft,0,1,0
0.4457248816339985,0.38367310341760474,0.44567702875375476,0.3836929224241739,0.32580554437136877,0.52769867438608,0.3258055274849696,0.5276986747900445,0.44818599258485037,0.936126219893771,0.4482107116113443,0.9361441545174018,turnleft,0,1,0
0.6439525081176098,0.12315970814876254,0.6439781376159388,0.12316160795589895,0.49641827919298465,0.7635077568703688,0.49641827890896956,0.7635077719794472,0.6233265550565585,0.08723139925851098,0.6233202420401506,0.08726394362536344,nothing,0,0,0
0.43722990532136097,0.46715453309628285,0.43718028759636124,0.4671645456549098,0.3525952103139862,0.5807887681532014,0.3525952133224899,0.5807887491139843,0.015885079698228277,0.5696101845550209,0.015876582050367013,0.5695869980883103,nothing,0,0,0
0.5806556612108612,0.7902360464293278,0.5806346061234999,0.7902096389128048,0.06153486685813403,0.128900239621891,0.061534842402843945,0.12890021884079572,0.9230534702766735,0.08402700490535331,0.9230930891779952,0.0840505273667161,turnright,1,0,0
0.9808360064447229,0.952211438192607,0.9808810276240301,0.9521895006783574,0.21705435469615286,0.05943959028112511,0.2170543754216852,0.05943958090378931,0.4972943861246889,0.10535009370710391,0.4972479725674842,0.10536229010766214,turnright,1,0,0
0.05719035817071361,0.17200604740345116,0.057185615633021956,0.17200701012813738,0.20630972743712828,0.8474217184734202,0.20630972547328527,0.8474217135835131,0.36031292510121116,0.5542584867112696,0.36026683721375563,0.5542289692262946,turnleft,0,1,0
0.10527996940455076,0.5004615208114137,0.1052946437154271,0.5004757925237809,0.6055508112058416,0.21040021782757712,0.6055508356095601,0.21040022957025817,0.5191753954110657,0.2873708137760227,0.5192096477386501,0.2874124884312793,turnleft,0,1,0
0.39984240839116614,0.7394765710940879,0.399858257869235,0.7394746996738276,0.7298364819939268,0.6351255467396316,0.729836485867057,0.6351255506879531,0.6054978078829963,0.1434826194436355,0.6054612901032256,0.1434776768279616,turnright,1,0,0
0.8873569875879473,0.42344130283176395,0.8873877369171125,0.42348402019299747,0.3376661949967359,0.8008574215278013,0.3376661982063944,0.8008574212498583,0.3706118432071832,0.38967397831104766,0.37065332843445353,0.38972163162507695,turnright,1,0,0
0.29553809616390425,0.26397003139802455,0.2955657420601942,0.26396261829486767,0.44044739049977555,0.954184095379993,0.4404473769935562,0.9541840961611985,0.6968468938435516,0.4981477224533428,0.6968958774269696,0.49812971253153243,nothing,0,0,0
0.2517690953565206,0.6200259942929058,0.2517364980980204,0.6200586656107481,0.9177830752757394,0.804170890184482,0.9177830739074484,0.8041709101384454,0.3406232451607951,0.8756953720427637,0.3406111092198877,0.8756780607833285,turnleft,0,1,0
0.5704609053087847,0.7701704744746425,0.5705074038991954,0.7701628710809917,0.0074151132197415315,0.036510043341549614,0.007415105844313458,0.03651003496187564,0.377525101771222,0.594043885789374,0.37752832637482403,0.5940693846356648,turnright,1,0,0
0.8274416715160424,0.5256482804030379,0.8274140723200558,0.5256250967705912,0.8651229393415852,0.310953061900317,0.865122954617459,0.31095308459472426,0.12249039455993194,0.8184632396188486,0.12247506476189243,0.8184683438395887,turnleft,0,1,0
0.5189042710367453,0.9236981992250803,0.5189114164153386,0.9236696682747328,0.5252905576578051,0.5936676015273692,0.5252905656564946,0.5936676239797458,0.8422296551170639,0.5858595433633121,0.8421912565119485,0.58587153138063,nothing,0,0,0
0.3657302771660701,0.7412090018540426,0.36572709576777024,0.7412403851793716,0.39234525517772834,0.9475097298165307,0.3923452441732277,0.9475097178153267,0.18735400401019764,0.11382136746572968,0.18739225850287367,0.11386633166379086,forward,1,1,0
0.39055100964879186,0.5709255596795987,0.3905538249120652,0.5709490648968419,0.9987638725159265,0.7910109805579905,0.9987638863606791,0.7910109950412405,0.6730354268517866,0.7248044564833747,0.6729986881695555,0.7247683845255785,turnleft,0,1,0
0.9997293785243272,0.5366067882987927,0.999723295074578,0.5365742998200514,0.22156939479277538,0.04663589197818818,0.22156939397487266,0.04663587732028507,0.07389118859915034,0.02166634131634626,0.07387760355408156,0.021670916735479596,turnright,1,0,0
0.19323100338523858,0.6952125955502461,0.19326257128391983,0.6952353033226882,0.9050897426128965,0.8651898825251981,0.905089727279357,0.865189891859141,0.7580893594864166,0.27037442064085726,0.7580933158936526,0.2703766881596075,nothing,0,0,0
0.7400792531037724,0.38803074847320485,0.7400873319842588,0.3879837181354881,0.2398601319696575,0.029679934517095052,0.23986012955564964,0.029679925523501984,0.7704415857001672,0.7797868187487569,0.7704284541345814,0.779830519239364,turnleft,0,1,0
0.3916188358695568,0.19300413580481035,0.39165556873494084,0.1930176961036803,0.09254377542334313,0.4266682266148971,0.09254376827714575,0.42666821632245416,0.4310057198391556,0.8622753216940454,0.4309705753231462,0.862311285793489,turnright,1,0,0
0.12285401507977178,0.5515286003500177,0.12283489644424782,0.5515357238521368,0.7642345114922836,0.7818221772361258,0.7642345137589576,0.7818221921787711,0.9036284585196692,0.42104887601671626,0.9036736102539428,0.4210967805633772,turnleft,0,1,0
0.40177438909402174,0.9676198658134311,0.4017501124767195,0.9676185938448687,0.8742674917363699,0.7223488109142261,0.8742674683571509,0.7223488358406895,0.4993819915721871,0.8943581726427741,0.4994147399825125,0.894344107491338,turnleft,0,1,0
0.07183527629033037,0.931359669854311,0.07186337286871336,0.9313871625928901,0.22941590048292027,0.3426271016788246,0.22941589919045002,0.34262712533682227,0.9187858559619126,0.6758987215849375,0.9188281909539335,0.6758960808832082,nothing,0,0,0
0.2805631198339711,0.10391654530843852,0.2805311500204913,0.10395615119300547,0.9740977115502935,0.7889684755851734,0.9740977315639606,0.788968468230732,0.6279708070774167,0.2887567519339066,0.6279391706037347,0.2887458894131265,forward,1,1,0
0.7066050172501369,0.13897273530547793,0.7066182596880093,0.1389242311716668,0.9629823665864725,0.10287676485377117,0.9629823489105485,0.10287674980886223,0.05445102459512663,0.5827310791133207,0.05447276498048951,0.5826838872907112,nothing,0,0,0
0.9984601271566649,0.5217792716432841,0.9984359194025333,0.5217317953829774,0.30726356965567625,0.48604344375816255,0.30726354499213354,0.48604346083619976,0.4591364688146501,0.42688007955755647,0.45915135828735837,0.42688075311220375,nothing,0,0,0
0.2956273489082295,0.6699387484956509,0.2956737855738387,0.6699612755197004,0.6655251382305203,0.6183117307431265,0.6655251190473697,0.618311744672886,0.8906014886033747,0.05127974042458261,0.8905653326354999,0.05129257532154436,nothing,0,0,0
0.03834974091186827,0.1287045037657426,0.03833666753320433,0.12868441516783713,0.40272233285127323,0.06289310153686956,0.4027223162647295,0.06289307964003225,0.3519047387568165,0.4349526026169589,0.35189525120250914,0.434923668617135,nothing,0,0,0
0.9689222525552342,0.38668661784246683,0.9688790610645784,0.3867344913960788,0.5320334574442326,0.20958059546067576,0.5320334779379899,0.20958058728115386,0.6935113797921579,0.11624481160731215,0.6935569092602267,0.11620392020508169,forward,1,1,0
0.585045977680371,0.40041531533655406,0.5850847886777816,0.4004222156331094,0.5644053482202648,0.22963300128643216,0.5644053267052686,0.22963301296387983,0.34681017876902975,0.7900019593972728,0.34677946283655997,0.7899688321587363,turnleft,0,1,0
0.6201558810624022,0.5752045767831626,0.6201748737118901,0.5752444652748105,0.48655586867899736,0.8610025107783745,0.4865558614186238,0.8610025075197889,0.2636834910859128,0.9773258929000523,0.26369341826243997,0.9773123329358335,turnleft,0,1,0
0.8643953064317386,0.4137725563628323,0.8643458561920332,0.4137271166045589,0.0898716988287469,0.36388335575643216,0.08987170124668266,0.36388334249699633,0.6485100788121366,0.32017851401184005,0.6485309108665297,0.32021781305798463,turnright,1,0,0
0.14777306911815435,0.05597823973054128,0.14780018389536245,0.055983036000847024,0.15795636762345433,0.13410702342582514,0.15795636175963748,0.1341070302118548,0.13719055818838355,0.8339791709718343,0.1372284114072963,0.834011279078855,turnleft,0,1,0
0.8914739705557125,0.546608189907867,0.8914377533168394,0.5465688814485251,0.9413468584068627,0.20869025867258184,0.941346842585032,0.20869026450500405,0.04058079610392751,0.7334269184382658,0.04061288942838034,0.7334387066233362,turnleft,0,1,0
0.8645806386899111,0.14542222684966588,0.8645948937750373,0.14544754558086845,0.5342958186068737,0.16078571876092573,0.5342958086033949,0.16078573830937032,0.7663512107806079,0.8155148368015009,0.7663078217474515,0.8155537256754599,turnleft,0,1,0
0.8742612269972599,0.3253362480375941,0.8742299758919285,0.3253814077005897,0.26861923030705215,0.80561533559551,0.26861923068595944,0.8056153181845442,0.3952308299422084,0.5264084688525187,0.3952121047630844,0.5264489723952169,forward,1,1,0
0.5155907344859929,0.17919181173999732,0.5156217601655122,0.17917349835420807,0.4898138946755197,0.09258148388398135,0.48981388523030495,0.09258150572101051,0.34336383839361584,0.9365403194065847,0.3434135095213203,0.936548913144064,turnleft,0,1,0
0.8697008967210624,0.9726590783936364,0.8697146519354859,0.9727032859479602,0.39277059379021895,0.5827092732157996,0.3927706162876405,0.5827092698784513,0.6685697827268675,0.8137320119188678,0.6685452917319383,0.813778347395339,forward,1,1,0
0.5006747532720641,0.11948182137848062,0.5007030135837062,0.11948364326827166,0.7344233293529797,0.44457668422685714,0.734423339982927,0.4445766621188441,0.29525924480978105,0.6884308541627194,0.29521067836545045,0.6884118019960975,forward,1,1,0
0.16060903992128417,0.5944419560143415,0.16057249743045435,0.5944666946735762,0.19234817314647812,0.7942726467378524,0.1923481568973915,0.794272661447114,0.8397795090508763,0.7507711779710069,0.8398246403978312,0.7507954115873472,forward,1,1,0
0.5429874877840084,0.43923666266997274,0.5429880653685478,0.43919221110637885,0.18404164201944717,0.4304221792887747,0.18404166260395402,0.4304221561293061,0.37582723445815147,0.037732813188188774,0.3758039820573259,0.03771756672077888,turnright,1,0,0
0.30374100964367134,0.6612235367023297,0.30369578703764283,0.6612709251417904,0.5983556395216527,0.59403657225421,0.5983556632011466,0.594036552254282,0.6744789396639325,0.527007498002467,0.6745144317954406,0.5270364875112926,nothing,0,0,0
0.5390102866147565,0.8803149532952449,0.5390519558495143,0.8803362820165436,0.15539841181206526,0.2712237823731045,0.15539839568285027,0.27122379349633335,0.8921133294735821,0.30247725103250456,0.8920857698356535,0.3024648392284786,nothing,0,0,0
0.8199418406910994,0.5587996786027223,0.8199057324525383,0.5588044954643948,0.42205326223975514,0.12091167384691848,0.4220532607767268,0.12091169568152685,0.9929925211144064,0.2766549147778502,0.9930264712169667,0.276682928727431,turnleft,0,1,0
0.41654052068302605,0.5723671352415167,0.4165222118350364,0.5723963394798629,0.19788101274335101,0.45490934745044764,0.19788099957128663,0.4549093675047268,0.4679050512738825,0.015526215123643272,0.46792513277919984,0.015495518050567982,nothing,0,0,0
0.6979531223724512,0.4881614585641454,0.697931993884119,0.4881306130819562,0.17582653323380792,0.6420640036779676,0.17582654567261036,0.6420639963751207,0.28449757037184475,0.28410427838718055,0.2845116790888144,0.2841106383024658,turnright,1,0,0
0.8867621711382052,0.22578964053541895,0.8867551864025237,0.22580881631370753,0.1301535913529569,0.07903971251741071,0.1301535863155596,0.07903969400251452,0.8488625504158273,0.7732276732421584,0.8488462615541402,0.773192402492682,turnleft,0,1,0
0.12303114185195752,0.8420491460517653,0.12306524199969095,0.8420182051588602,0.6072220028887996,0.3015133752832434,0.6072219819638216,0.30151337075214985,0.6305763144531397,0.29298794268317163,0.6305598953545365,0.29295848857396123,turnright,1,0,0
0.26734105404411235,0.7305374511124213,0.26729490716136806,0.7305392390502496,0.3876090079037736,0.9283590729360566,0.3876090212008665,0.9283590795908899,0.7782752224972278,0.9557226759205998,0.7782866871102561,0.9557580915478424,forward,1,1,0
0.6166375183511755,0.7479564972757315,0.6166509256987859,0.7479709978283609,0.3718420569709162,0.535831595138851,0.371842065967533,0.5358315763450927,0.6657710772386781,0.6048547645646428,0.6657862324602762,0.6048739327502204,turnright,1,0,0
0.6121542584402343,0.8618298645502124,0.6121543605528506,0.8618269341224208,0.8285187637826034,0.5503652558779047,0.8285187742396013,0.5503652804865131,0.3564197840933806,0.9545672242308163,0.35644908472015396,0.9545292865545268,turnleft,0,1,0
0.4278666648072893,0.09230329871718801,0.4278668807285343,0.0923353247025745,0.3005428941463667,0.3040705412172158,0.3005428968312656,0.30407055006926187,0.3955637036551679,0.7821039839952408,0.395612068607318,0.7820915530918223,turnleft,0,1,0
0.05856573652586061,0.8310565690746837,0.05859288124389881,0.8310781372207959,0.8474396739137692,0.7142653680970079,0.8474396881702259,0.7142653541698314,0.35280626083779687,0.6561753487456392,0.35284552970491345,0.6561899345181272,nothing,0,0,0
0.2553202514828924,0.6567778460239229,0.255331262091604,0.6568032543444013,0.5740236062562503,0.3085836282166444,0.5740236036907681,0.3085836176143859,0.07340696512166378,0.4991143130888389,0.0733849151616971,0.49915571795497415,nothing,0,0,0
0.3211204359431903,0.9385992443827046,0.3210729109222651,0.9386392395550733,0.9483713070441441,0.9461157088539279,0.9483712973793685,0.94611572093277,0.028361152788951016,0.3932371877695082,0.028361967620961843,0.3932591729925997,turnleft,0,1,0
0.47595533263921563,0.7468133320413998,0.47596151193225655,0.7467809601629077,0.8775087225109839,0.9583688582820882,0.8775087097253856,0.9583688643722934,0.6798305642699299,0.9877554488155136,0.6798692507278358,0.9877646348770648,forward,1,1,0
0.8461415692388485,0.4960894996903594,0.8461142669933768,0.49608165349767885,0.37502775784089126,0.29199835190181744,0.37502773705327375,0.2919983322728779,0.4209448574986232,0.3399020614116791,0.4209783974407175,0.33987436763885387,turnleft,0,1,0
0.23486998987096475,0.46666552038406106,0.2349020386777753,0.46666247927510734,0.3833756753213421,0.9681780999565677,0.3833756607083386,0.9681780785307798,0.8134064003222835,0.24942066752465786,0.8134088696902259,0.24939581442431696,nothing,0,0,0
0.5576263841625436,0.1664309901685428,0.5576549221334755,0.1664472724466249,0.9942895819935307,0.1639240703843411,0.9942895662392346,0.1639240784449026,0.9829387396289002,0.8272170208011222,0.9829759901841367,0.8271793015205461,turnleft,0,1,0
0.9035556192701949,0.09085432279093275,0.9035603745384955,0.09084435367980316,0.8411738084028372,0.6099315380129915,0.8411738037702636,0.6099315178476117,0.5604278459355718,0.18160957364595942,0.5604175733349477,0.18159268678664475,turnright,1,0,0
0.5210762089826966,0.4440843056741831,0.5210407571468796,0.44405209189473743,0.9294913800719437,0.6605581556776202,0.92949139993717,0.6605581779918236,0.30291985569880664,0.39402024325570184,0.3029068204967276,0.3940104336252069,turnleft,0,1,0
0.23406385017584241,0.34883770789411106,0.23410529274347777,0.34883014025817527,0.5377854546530422,0.7734891350327541,0.5377854339083136,0.7734891191167809,0.6574923524795163,0.20292925325772226,0.657494339426638,0.2029271829999263,nothing,0,0,0
0.5091698716895945,0.6814911444729449,0.5091212502755416,0.6815315310149127,0.06087167204607302,0.16886709607814476,0.06087165216360846,0.16886711841801214,0.41546071173397725,0.45447280777735033,0.41545198849779286,0.45451636929951217,turnleft,0,1,0
0.023978095005285693,0.4031579935207563,0.02394639292158954,0.40317754089768915,0.13263371810635272,0.11977747708259301,0.13263370186147247,0.11977748935049656,0.8095806582950725,0.3088521934102434,0.8095367041217482,0.3088721839578109,turnleft,0,1,0
0.958053174537487,0.9610274581908047,0.9580416252189949,0.9610211277540738,0.13062409070250136,0.0036887572124681967,0.1306240855241324,0.003688772783304259,0.693993923310576,0.011108003941578626,0.6940173033603856,0.01112828235386275,turnright,1,0,0
0.6359402475121098,0.2356276580094473,0.6359176005300919,0.2355888055570677,0.49472213673063836,0.39572902625871764,0.49472215939595615,0.39572900520820464,0.1192341371429747,0.7751210773066319,0.11920317057341737,0.7750891427824941,nothing,0,0,0
0.5899719806033962,0.33528476459111645,0.589928492451976,0.3352821350062258,0.7982087448711216,0.8425563437399265,0.7982087421111469,0.8425563435263327,0.8697534413629175,0.38395103305241485,0.8697662940564063,0.3839858239545387,turnright,1,0,0
0.27481313944313024,0.9993264443009793,0.274809104043344,0.9993708039740539,0.29932606903290404,0.49975268696898445,0.29932606232280934,0.499752668761763,0.17584833457529625,0.6143092693498294,0.17588461093331012,0.6143444923223991,turnleft,0,1,0
0.8074497944971745,0.17425167788104357,0.8074401269023657,0.17420805016721622,0.015089103009677918,0.26980313482683593,0.015089092672426207,0.2698031376388755,0.7264235575954965,0.8083590002432433,0.7264109112287603,0.808367048234896,turnright,1,0,0
0.537444418922839,0.7765194428207006,0.5374878470010673,0.7765407813256863,0.8870922816206533,0.7039093540554144,0.8870922571253419,0.7039093746084166,0.9486400454332183,0.2394212955262457,0.9486405319170845,0.23945570886556208,nothing,0,0,0
0.8979404422772879,0.994449377418137,0.8978940256132627,0.9944177119972012,0.05797003767420306,0.16227649658077825,0.05797005028120048,0.16227648924442925,0.28393591719688227,0.45670065200527843,0.28395632098597773,0.4566974621214496,turnright,1,0,0
0.5233572242499471,0.7910618811300221,0.5233212516362844,0.7910555609796919,0.1954105659922999,0.6442755867021606,0.1954105481813332,0.64427559755669,0.8511163301524439,0.7852647089506937,0.8511463329581639,0.7852216329254827,forward,1,1,0
0.6598050189393828,0.14003759664917736,0.6597658021582574,0.1400624627874155,0.39605788827329214,0.6380710332367653,0.39605787937418957,0.6380710206212051,0.1558918699467483,0.8033263217742667,0.1559375131797079,0.8033116513298586,turnleft,0,1,0
0.6497330820586917,0.7238606010128603,0.6497164679260872,0.7238614502501859,0.43504276705992284,0.779083385735577,0.43504275632893347,0.779083391313641,0.6560195407019274,0.9243304298782085,0.6560532724008491,0.9242975449434759,turnleft,0,1,0
0.8534288289309567,0.02840154689117469,0.8534569364639244,0.02842005455938112,0.2253004616355151,0.3305825924068543,0.2253004382187254,0.3305826168091309,0.24919678259727207,0.2446948142369103,0.24917526280687238,0.24466818913635485,nothing,0,0,0
0.7759760907371602,0.47220862456833923,0.7759897867583102,0.47219985703078104,0.12736228696878438,0.7294226589729469,0.12736228647908815,0.7294226366711817,0.42459865330409274,0.42374673342610203,0.4245641632071121,0.4237754707082258,turnright,1,0,0
0.42960480901541986,0.9622459033087178,0.4295661180374659,0.9622072393350675,0.30784562069851074,0.7146514676146224,0.3078456125173248,0.7146514738795054,0.9438564542403388,0.2617660633578436,0.9438092439425303,0.261733193212217,nothing,0,0,0
0.6707922188578095,0.6501865746981547,0.6708174423206248,0.6501888943010359,0.07057860214914957,0.1383138824900353,0.07057861978586427,0.1383138859437964,0.252218036264671,0.4397941888528313,0.2522243926589106,0.43979993486158336,turnright,1,0,0
0.1706036136946445,0.8636644693123313,0.17058599893256224,0.8636532956503821,0.04500569529171983,0.2941460599287975,0.04500570076671214,0.29414608337480685,0.09649393121218341,0.07865301974303929,0.09645399222914344,0.07866522502091987,turnright,1,0,0
0.9752545222135992,0.043953614113307116,0.9752148822805604,0.043968827912440306,0.4401226002969705,0.979890815297567,0.44012258202632976,0.979890826226731,0.08119212613237603,0.8760987972275287,0.08115976949002665,0.8761213951087669,turnleft,0,1,0
0.0822461158912694,0.4881499184423653,0.08223547461511163,0.4881946783389017,0.3634538003966167,0.7728221401135277,0.3634538155119791,0.7728221517102752,0.9755943654989011,0.29730241316853945,0.9756307834081496,0.29729708097769597,turnright,1,0,0
0.9432000333560929,0.7059414209294469,0.9431806761715072,0.705934711983373,0.32022548823877917,0.9841332038531816,0.32022549620207236,0.9841331987625572,0.7272341034572695,0.051577874788350186,0.7272317471183993,0.051592181746735764,turnright,1,0,0
0.4751964414880493,0.08734418292753376,0.47518830121969824,0.08738453650669625,0.16475304441631355,0.9345219019096916,0.1647530643412175,0.9345219009149809,0.8512201537215605,0.29866968976409614,0.8512343795704534,0.29862490614935144,turnright,1,0,0
0.5998385367727936,0.07862202155588738,0.5998623198846282,0.07864770340285081,0.6311661911960542,0.42348161323817424,0.6311661984460403,0.42348159686818976,0.6768509489549245,0.7507335197786574,0.6768439749496116,0.7507009159676947,nothing,0,0,0
0.5767113763787423,0.4473522142051868,0.5767053074300152,0.4473070969215587,0.49779263786795214,0.917063322523291,0.4977926219477275,0.9170633317208954,0.08264578669251577,0.4174340677093368,0.08266489164381019,0.4173989983985125,turnleft,0,1,0
0.33004948343991247,0.18976182366278216,0.3300760794290591,0.18980270713754596,0.32963736974628255,0.7968683512072424,0.32963737030232193,0.796868368863203,0.3313935989761039,0.7864381768833654,0.3314194454490105,0.7864800352831671,forward,1,1,0
0.13029751276754942,0.48890442795697076,0.13028102658825316,0.48888920773471667,0.9030372365579231,0.04885067563420675,0.903037261274214,0.048850687996424474,0.2849021429234516,0.915907813376301,0.2848752298692426,0.9158726725430671,turnleft,0,1,0
0.5598783192027584,0.7397620819333754,0.5598757226548086,0.7398069345220248,0.7806931249669449,0.9989295417433849,0.780693109217142,0.9989295334852932,0.9639232271298331,0.3372695066664374,0.9638799187759659,0.337295207163455,forward,1,1,0
0.19423533258922654,0.42878810199538764,0.19424494506224924,0.4288354929675182,0.8507486585246203,0.3325108108146897,0.8507486515034883,0.33251079325722704,0.8277644289120114,0.3903332239944093,0.8277898241401227,0.39029891982836434,nothing,0,0,0
0.29415295650518003,0.6019432287091009,0.2941223955729298,0.6019503482388665,0.3369132325158275,0.6291622157119277,0.3369132298006732,0.6291622201701497,0.47444121758447255,0.6902338913498296,0.4744252087420168,0.690273232140002,turnleft,0,1,0
0.10016862304212115,0.8027064859826983,0.10020638705968947,0.8027171310030871,0.3948132447127567,0.7137383982290215,0.3948132431808991,0.7137384128158859,0.8268746540102698,0.5952673464337035,0.8268614407539223,0.595266315158084,nothing,0,0,0
0.3334428291665462,0.818194052616231,0.3334018158838852,0.8182401876125021,0.5671739568005274,0.7897420980706411,0.5671739782666814,0.7897420989051558,0.56573088678683,0.534038491902474,0.5657673657314554,0.5340460888034777,nothing,0,0,0
0.14371057416090538,0.6342666524991918,0.14367712603751132,0.6342546784918893,0.25102047980129083,0.4188854181045333,0.2510204963721522,0.41888541603228113,0.09272968280172045,0.649370415919687,0.09269700353401454,0.6493304077858592,nothing,0,0,0
0.3129488802115462,0.6420003985622454,0.31298292773041647,0.6420177815448795,0.3837956864177553,0.15693573438695219,0.3837956614496301,0.1569357390581288,0.15129429071460132,0.18333511572530015,0.15126959908674653,0.1833432878247974,turnleft,0,1,0
0.43583193834569944,0.8874678208554805,0.43580575001105104,0.8874574846383834,0.9818119790887635,0.9117132463518436,0.9818120025616014,0.9117132665631708,0.1015424211793764,0.9104430865037088,0.10157363145574885,0.9104430681804935,turnleft,0,1,0
0.3589715230003172,0.26216378353958925,0.3589606282894335,0.2621254787827084,0.5237568350489596,0.30365767219627127,0.5237568249359136,0.30365766479884476,0.5827501924619052,0.9900835489691123,0.5827032220904436,0.9901137748581035,turnleft,0,1,0
0.6089409126987874,0.8939701123644599,0.6089292207529465,0.8939800138529309,0.9307302058520154,0.46901303454854204,0.9307302256405774,0.46901301134829415,0.10759940358541875,0.6872184414606068,0.10757111539033136,0.6871827983148178,nothing,0,0,0
0.593647907154115,0.24543334861241806,0.5936825812659822,0.24545545696261195,0.8459702863917802,0.8384989773102323,0.8459702688110288,0.8384989627422196,0.8445691174903242,0.25302198922078745,0.8445919524206293,0.25298543659719974,turnright,1,0,0
0.8980467385903583,0.3666047016328452,0.8980277398622857,0.3665589614403744,0.4009710901734219,0.9848006339911282,0.40097110813077413,0.9848006560003179,0.27902081710734905,0.23501410614033924,0.279042845531903,0.23499717343484613,turnright,1,0,0
0.8234249784567851,0.8714902353284694,0.8234056712268574,0.8714402702958333,0.026147902927370015,0.1405400963375849,0.026147887875900732,0.14054008218542882,0.5556296312184005,0.5500825661362737,0.5556366692333446,0.5501125497372092,turnright,1,0,0
0.16830851020523252,0.8126360950106576,0.16826972007942925,0.8126726034476774,0.9873627201080358,0.7800347415125712,0.9873627116307627,0.7800347578843077,0.09316091382085323,0.0934128371007854,0.0931128398295817,0.09337024464042702,turnleft,0,1,0
0.5369274885818317,0.588119178306688,0.5369321857324579,0.588163449754169,0.42623058529381663,0.08236848525779683,0.4262305927612012,0.08236847664556661,0.9692273464786932,0.46509501022759825,0.9692003557436507,0.4651421511471591,nothing,0,0,0
0.4410047902451849,0.7629467486058761,0.4409899436082807,0.7629914517635039,0.7522625945231639,0.7880280943103406,0.7522626068696472,0.7880280793856295,0.2525912883385317,0.1264423912850804,0.25257225613599393,0.12647106595464122,forward,1,1,0
0.8971682448301015,0.17386014596584454,0.8971305812163133,0.1738801435801341,0.32453767235407827,0.3445525340908304,0.32453769559177426,0.3445525450865083,0.7550388216513699,0.2645338892895721,0.755078196241426,0.2645274932792654,turnright,1,0,0
0.32018529460468115,0.13374558295152827,0.32019375411239864,0.13373643066278396,0.5048073333609825,0.49531471842282804,0.5048073350186831,0.49531472311107355,0.36742277893704745,0.07803845232775053,0.3674248894396333,0.07803837725111745,turnright,1,0,0
0.7431308794846228,0.18553066501192383,0.7430878423010222,0.18554785127860107,0.3663925902752173,0.6325516240896772,0.3663925779676931,0.6325516362974777,0.44557408300452295,0.8064946754003286,0.44552442111124185,0.8064858714107009,turnleft,0,1,0
0.5520794545298091,0.7362208335585834,0.552030046185037,0.7362389313531914,0.9772215876190374,0.5070202501476626,0.9772215651539481,0.5070202487020472,0.6481314366968325,0.6303919671771684,0.6480927716235207,0.6304062320257336,turnleft,0,1,0
0.44743785961726723,0.5235682853372627,0.4473954671648916,0.5235950667715384,0.3036705199628629,0.7656648017817552,0.30367049714065075,0.7656648264995024,0.9177240228805945,0.7998877443762399,0.9177075112465103,0.7999026844014112,turnleft,0,1,0
0.023279772379548924,0.01599636367418955,0.023307529097497687,0.015970130515738604,0.21714775072525394,0.9952175675528336,0.21714777354425935,0.9952175922439273,0.03194755000378058,0.0598843079166308,0.03198515531430729,0.05985100663631646,turnright,1,0,0
0.737979553890391,0.456063649984883,0.738029093369717,0.45604799297826176,0.6572035061323068,0.4906606328960189,0.6572035167476498,0.49066063672962196,0.5806798992526653,0.4038057943767769,0.5806939187610315,0.40385297352218474,turnright,1,0,0
0.2821428488514527,0.8567821802076092,0.2821388127030015,0.8567436853614414,0.03885409464438583,0.6938691779636988,0.038854076720814625,0.6938691594374287,0.25556206757918365,0.3254823669843472,0.25558241133430737,0.3254880838692802,nothing,0,0,0
0.5189822529549999,0.6199074459802805,0.518998394305225,0.6199516867298747,0.09143529901581993,0.17553812578142092,0.09143530211242747,0.17553811086344562,0.9803438344389419,0.6207055647166972,0.9802997896306539,0.6207218932297285,turnright,1,0,0
0.7778446463541184,0.26881530385200125,0.7778741745885396,0.26880876686713945,0.4266889580658374,0.1739446672311037,0.42668893517178524,0.17394468357805049,0.39721636872211186,0.3901673845208756,0.3972008007033519,0.39015786268758496,forward,1,1,0
0.12218827318922765,0.05091649273023324,0.12219381125869097,0.050916899161284154,0.9797186676675973,0.7920354525266983,0.9797186757366866,0.7920354318431778,0.4341338398742838,0.6142598491280855,0.43409837496569037,0.6142206049018836,turnright,1,0,0
0.8959972505565752,0.2629667817572984,0.8959551038403344,0.2629562773369644,0.4790604276764342,0.9140074252182552,0.47906043292144807,0.914007417486324,0.12221081691650004,0.18843840585887817,0.12220696698780073,0.18839915942516527,forward,1,1,0
0.93248276231966,0.5334821492250293,0.9324623037498423,0.5334864946619942,0.8336970814665964,0.0956477262484412,0.8336970747582675,0.0956477041848716,0.5620646538310735,0.6636148565139766,0.5620817674660664,0.6636431619291648,nothing,0,0,0
0.23200696972782886,0.13919750589419744,0.23197732012409003,0.13917507282037683,0.21556516672936354,0.8059737777349423,0.21556516985595833,0.805973798856409,0.9124349397637778,0.6787308493353446,0.9123996254523954,0.6787200848981123,turnright,1,0,0
0.9505375994473816,0.7051018441303838,0.950524282833359,0.70507257667322,0.34025214705878426,0.44169785645021453,0.34025214929827025,0.4416978761390604,0.646383051657248,0.8098563745010677,0.6464111244961499,0.8098705432514139,forward,1,1,0
0.30024412350829943,0.11571439719988352,0.300202335151957,0.11571299795824361,0.7050622935079021,0.5434574798108054,0.7050622769406022,0.5434574601063978,0.8288956472515138,0.3885923880858819,0.8289439970099839,0.3886076434284047,turnright,1,0,0
0.7683151074529587,0.4976962141126985,0.7682796885616551,0.4976946204864586,0.6440762362932214,0.442150980665458,0.6440762208392534,0.4421509793660998,0.011363124914309242,0.6833733949852461,0.011390689306119103,0.6834147817998822,turnleft,0,1,0
0.08473566313612213,0.5497260592671215,0.0846998528055245,0.5497402372565215,0.5930645256236862,0.1767944838142801,0.593064521246275,0.1767945046428489,0.04272100622611219,0.226116365799919,0.04275346975052541,0.22614323409760273,turnleft,0,1,0
0.7610941545469775,0.10765258189548399,0.7611182054280697,0.10760264353366891,0.38619315197072857,0.9827793506034154,0.3861931343040561,0.9827793270818366,0.4213010813043774,0.9912395156176186,0.4212787936718668,0.9912501675438572,nothing,0,0,0
0.649981786487391,0.9860990373448363,0.649973670996665,0.9861320261606683,0.2917196474649316,0.32451946667683285,0.2917196317000569,0.32451944254205156,0.5250018539994908,0.9068128944685188,0.525045670997325,0.9067871674701522,turnleft,0,1,0
0.9622660694490458,0.9378492641466964,0.9622424247427194,0.9378437693619278,0.09181525877142582,0.20242322158512893,0.09181526031170707,0.20242322424693387,0.49134611138527884,0.17768682083348486,0.49132413321058627,0.17771554493205477,turnright,1,0,0
0.18217644969875268,0.8802130089738958,0.18214350562289955,0.8802334301954576,0.13655381625837537,0.19655924630954325,0.1365538068954023,0.196559248846075,0.40347572512490215,0.016608948802333656,0.40348212987951193,0.01656833494787244,turnright,1,0,0
0.42641429765741024,0.6667499635061188,0.4264072055575091,0.6667987790710832,0.3440954277039716,0.6462062464528507,0.34409542917040153,0.6462062602134271,0.005212092398235724,0.9703533825428047,0.005250894691917817,0.9703680858484731,turnleft,0,1,0
0.39118866794325147,0.9233421506804329,0.39116817310792673,0.9232942374529959,0.21111247828327706,0.6468748239752626,0.21111247550315343,0.646874841938583,0.6999202456175477,0.434090556483002,0.699947258503352,0.43409357241774377,nothing,0,0,0
0.42713061343253544,0.010195320651011586,0.42711499660127283,0.010176980790152404,0.17720750700261723,0.3784468110928183,0.17720749833285612,0.37844682878542,0.7690011211313864,0.05714581739114388,0.768954674806066,0.05712748010573183,nothing,0,0,0
0.3802984996088943,0.8833114863714195,0.38027444911912656,0.8832694955622844,0.9681857768506652,0.8116799130071443,0.9681857872410584,0.8116798902627382,0.9743304482306693,0.2573846548739448,0.9743093433276406,0.25736134178888187,turnright,1,0,0
0.15230719795659076,0.25512446571378156,0.15231773095081516,0.25514851539371924,0.6932535473860114,0.5474042137308782,0.6932535668994567,0.5474042069405397,0.3442272841483949,0.796036974309575,0.34418116116081793,0.7960251735587276,nothing,0,0,0
0.18488161677330595,0.21556745396265997,0.18486858640577342,0.21558718159869605,0.5960844753265833,0.3066128682075312,0.5960844808140985,0.30661288141968923,0.42933809439591564,0.4235948032325968,0.42938506994971465,0.4235527095445272,turnleft,0,1,0
0.348701405417271,0.052033131084947115,0.34873175846182325,0.052053247450278714,0.9711131555530038,0.5010565424326976,0.9711131711238453,0.5010565332628748,0.5160863106266848,0.9119685291755125,0.5160450064660144,0.9119801618173502,nothing,0,0,0
0.3131192585795548,0.7534394165360522,0.3131676680754775,0.7534686368999752,0.1511845446682718,0.009334071659734766,0.15118454162566172,0.009334088512805259,0.794523575281073,0.14202250194855426,0.7945267376706715,0.14199102853018467,turnleft,0,1,0
0.4841535503554725,0.3683471430361057,0.48420148307817046,0.36834080482915427,0.9195471627270762,0.001857454971979089,0.9195471816775771,0.0018574610249740785,0.4342986260719285,0.6448652664554022,0.434333767569724,0.6449109637625114,turnleft,0,1,0
0.8587155542593138,0.2691697883247114,0.8586977620612245,0.2691223572482045,0.2038791612689439,0.9467972327754773,0.20387917898687674,0.9467972225337221,0.03880271619363174,0.1834678615770099,0.03882944885140289,0.1835072120116802,forward,1,1,0
0.831058431481132,0.6358657203692696,0.8310738028924284,0.635883753561023,0.3270485231803355,0.8647565517411085,0.32704854397498756,0.8647565313682645,0.8687172358449174,0.03892587628559485,0.8687028293482982,0.03894017631616465,turnright,1,0,0
0.7113679105241751,0.6799471240125186,0.7113926866534531,0.6799539632057446,0.6261803928779779,0.8832672645985209,0.6261803903106374,0.8832672668543903,0.33091246437300215,0.44144995928644604,0.33095190988305734,0.4414698890825175,turnright,1,0,0
0.047419684858490574,0.9203429987294294,0.04737042358495286,0.9202981489758661,0.5232806666452422,0.9142483282535457,0.5232806722069986,0.9142483196339796,0.08570236969373146,0.6240275424359297,0.08565879641484375,0.6240292054131334,nothing,0,0,0
0.7071895332837141,0.92646329671287,0.7071430562536767,0.926479220243157,0.15872252680568777,0.6996275832573842,0.15872254039618272,0.6996275966916373,0.28285302264010537,0.5457193370563234,0.28283243506151395,0.5456989803017868,forward,1,1,0
0.7679527828502135,0.41344532925086974,0.7679889226207036,0.4134333446173069,0.7672980847714229,0.3747088733477819,0.7672980641359963,0.3747088727770504,0.06918049597779352,0.06735494644453233,0.06919895289592834,0.06734387151891277,forward,1,1,0
